{
  "status": 0,
  "result": [
    {
      "createdById": "0053O000002KVApQAO",
      "createdByName": "Deployment Admin HCO Harmonization",
      "createdDate": "2021-02-12T11:09:58.000Z",
      "fileName": "lwc/agn_gcsp_customerRegStep2_ext",
      "fullName": "agn_gcsp_customerRegStep2_ext",
      "id": "0Rb3O0000000ZhNSAU",
      "lastModifiedById": "0053O000002KVApQAO",
      "lastModifiedByName": "Deployment Admin HCO Harmonization",
      "lastModifiedDate": "2021-02-18T17:46:12.000Z",
      "manageableState": "unmanaged",
      "type": "LightningComponentBundle"
    },
    {
      "createdById": "0051o000009zhCMAAY",
      "createdByName": "Email to Case Premium",
      "createdDate": "2020-02-06T06:01:01.000Z",
      "fileName": "lwc/E2CP__recipientPill",
      "fullName": "E2CP__recipientPill",
      "id": "0Rb1o000000KzbXCAS",
      "lastModifiedById": "0051o000009zhCMAAY",
      "lastModifiedByName": "Email to Case Premium",
      "lastModifiedDate": "2021-02-18T06:33:34.000Z",
      "manageableState": "installed",
      "namespacePrefix": "E2CP",
      "type": "LightningComponentBundle"
    },
    {
      "createdById": "0053O000002KVApQAO",
      "createdByName": "Deployment Admin HCO Harmonization",
      "createdDate": "2021-01-11T14:54:27.000Z",
      "fileName": "lwc/FLAGS__flagAging",
      "fullName": "FLAGS__flagAging",
      "id": "0Rb3O0000000YFtSAM",
      "lastModifiedById": "0053O000002KVApQAO",
      "lastModifiedByName": "Deployment Admin HCO Harmonization",
      "lastModifiedDate": "2021-01-11T15:02:30.000Z",
      "manageableState": "installed",
      "namespacePrefix": "FLAGS",
      "type": "LightningComponentBundle"
    },
    {
      "createdById": "0053O000002KVApQAO",
      "createdByName": "Deployment Admin HCO Harmonization",
      "createdDate": "2021-02-23T13:48:32.000Z",
      "fileName": "lwc/agn_GCSP_MultipleContact_CreationCopy",
      "fullName": "agn_GCSP_MultipleContact_CreationCopy",
      "id": "0Rb3O0000000a3OSAQ",
      "lastModifiedById": "0053O000002KVApQAO",
      "lastModifiedByName": "Deployment Admin HCO Harmonization",
      "lastModifiedDate": "2021-03-02T11:10:14.000Z",
      "manageableState": "unmanaged",
      "type": "LightningComponentBundle"
    },
    {
      "createdById": "0053O000002KVApQAO",
      "createdByName": "Deployment Admin HCO Harmonization",
      "createdDate": "2021-02-02T16:49:54.000Z",
      "fileName": "lwc/agn_GCSP_completedRegistration",
      "fullName": "agn_GCSP_completedRegistration",
      "id": "0Rb3O0000000ZE1SAM",
      "lastModifiedById": "0053O000002KVApQAO",
      "lastModifiedByName": "Deployment Admin HCO Harmonization",
      "lastModifiedDate": "2021-03-10T04:22:56.000Z",
      "manageableState": "unmanaged",
      "type": "LightningComponentBundle"
    },
    {
      "createdById": "0051o000009zhCMAAY",
      "createdByName": "Email to Case Premium",
      "createdDate": "2021-01-07T06:20:52.000Z",
      "fileName": "lwc/E2CP__list",
      "fullName": "E2CP__list",
      "id": "0Rb3O0000000Xz6SAE",
      "lastModifiedById": "0051o000009zhCMAAY",
      "lastModifiedByName": "Email to Case Premium",
      "lastModifiedDate": "2021-02-18T06:33:34.000Z",
      "manageableState": "installed",
      "namespacePrefix": "E2CP",
      "type": "LightningComponentBundle"
    },
    {
      "createdById": "0053O000002KVApQAO",
      "createdByName": "Deployment Admin HCO Harmonization",
      "createdDate": "2020-12-21T13:36:38.000Z",
      "fileName": "lwc/duplicateListingAGN",
      "fullName": "duplicateListingAGN",
      "id": "0Rb3O0000000XWwSAM",
      "lastModifiedById": "0053O000002KVApQAO",
      "lastModifiedByName": "Deployment Admin HCO Harmonization",
      "lastModifiedDate": "2021-01-12T05:24:40.000Z",
      "manageableState": "unmanaged",
      "type": "LightningComponentBundle"
    },
    {
      "createdById": "0053O000002KVApQAO",
      "createdByName": "Deployment Admin HCO Harmonization",
      "createdDate": "2021-02-05T19:56:43.000Z",
      "fileName": "lwc/agn_GCSP_MultipleContact_Creation",
      "fullName": "agn_GCSP_MultipleContact_Creation",
      "id": "0Rb3O0000000ZUOSA2",
      "lastModifiedById": "0053O000002KVApQAO",
      "lastModifiedByName": "Deployment Admin HCO Harmonization",
      "lastModifiedDate": "2021-04-14T00:27:18.000Z",
      "manageableState": "unmanaged",
      "type": "LightningComponentBundle"
    },
    {
      "createdById": "0051o000009zhEcAAI",
      "createdByName": "Case Merge Premium",
      "createdDate": "2020-12-18T06:02:35.000Z",
      "fileName": "lwc/csmrgp__dupeDetector",
      "fullName": "csmrgp__dupeDetector",
      "id": "0Rb3O0000000XT7SAM",
      "lastModifiedById": "0051o000009zhEcAAI",
      "lastModifiedByName": "Case Merge Premium",
      "lastModifiedDate": "2021-01-14T06:11:12.000Z",
      "manageableState": "installed",
      "namespacePrefix": "csmrgp",
      "type": "LightningComponentBundle"
    },
    {
      "createdById": "0053O000002KVApQAO",
      "createdByName": "Deployment Admin HCO Harmonization",
      "createdDate": "2021-01-13T06:54:07.000Z",
      "fileName": "lwc/aGN_GCSP_account_activation",
      "fullName": "aGN_GCSP_account_activation",
      "id": "0Rb3O0000000YMYSA2",
      "lastModifiedById": "0053O000002KVApQAO",
      "lastModifiedByName": "Deployment Admin HCO Harmonization",
      "lastModifiedDate": "2021-04-21T13:48:14.000Z",
      "manageableState": "unmanaged",
      "type": "LightningComponentBundle"
    },
    {
      "createdById": "0053O000002KVApQAO",
      "createdByName": "Deployment Admin HCO Harmonization",
      "createdDate": "2021-01-05T10:33:25.000Z",
      "fileName": "lwc/agn_gcsp_customerRegStep1",
      "fullName": "agn_gcsp_customerRegStep1",
      "id": "0Rb3O0000000XuLSAU",
      "lastModifiedById": "0053O000002KVApQAO",
      "lastModifiedByName": "Deployment Admin HCO Harmonization",
      "lastModifiedDate": "2021-01-14T05:20:32.000Z",
      "manageableState": "unmanaged",
      "type": "LightningComponentBundle"
    },
    {
      "createdById": "0053O000002KVApQAO",
      "createdByName": "Deployment Admin HCO Harmonization",
      "createdDate": "2021-01-14T06:28:04.000Z",
      "fileName": "lwc/agnAccountHierarchyDatatable",
      "fullName": "agnAccountHierarchyDatatable",
      "id": "0Rb3O0000000YXCSA2",
      "lastModifiedById": "0053O000002KVApQAO",
      "lastModifiedByName": "Deployment Admin HCO Harmonization",
      "lastModifiedDate": "2021-01-27T16:25:02.000Z",
      "manageableState": "unmanaged",
      "type": "LightningComponentBundle"
    },
    {
      "createdById": "0053O000002KVApQAO",
      "createdByName": "Deployment Admin HCO Harmonization",
      "createdDate": "2021-03-25T09:52:25.000Z",
      "fileName": "lwc/agn_gcsp_metaDataComponent",
      "fullName": "agn_gcsp_metaDataComponent",
      "id": "0Rb3O0000000c57SAA",
      "lastModifiedById": "0053O000002KVApQAO",
      "lastModifiedByName": "Deployment Admin HCO Harmonization",
      "lastModifiedDate": "2021-03-25T09:58:01.000Z",
      "manageableState": "unmanaged",
      "type": "LightningComponentBundle"
    },
    {
      "createdById": "0051o000009zhEcAAI",
      "createdByName": "Case Merge Premium",
      "createdDate": "2020-12-18T06:02:35.000Z",
      "fileName": "lwc/csmrgp__recordTypeDetail",
      "fullName": "csmrgp__recordTypeDetail",
      "id": "0Rb3O0000000XTESA2",
      "lastModifiedById": "0051o000009zhEcAAI",
      "lastModifiedByName": "Case Merge Premium",
      "lastModifiedDate": "2021-01-14T06:11:12.000Z",
      "manageableState": "installed",
      "namespacePrefix": "csmrgp",
      "type": "LightningComponentBundle"
    },
    {
      "createdById": "0051o000009zhEcAAI",
      "createdByName": "Case Merge Premium",
      "createdDate": "2020-12-18T06:02:35.000Z",
      "fileName": "lwc/csmrgp__criteriaManager",
      "fullName": "csmrgp__criteriaManager",
      "id": "0Rb3O0000000XT6SAM",
      "lastModifiedById": "0051o000009zhEcAAI",
      "lastModifiedByName": "Case Merge Premium",
      "lastModifiedDate": "2021-01-14T06:11:12.000Z",
      "manageableState": "installed",
      "namespacePrefix": "csmrgp",
      "type": "LightningComponentBundle"
    },
    {
      "createdById": "0051o000009zhEcAAI",
      "createdByName": "Case Merge Premium",
      "createdDate": "2020-12-18T06:02:35.000Z",
      "fileName": "lwc/csmrgp__icErrorModal",
      "fullName": "csmrgp__icErrorModal",
      "id": "0Rb3O0000000XTASA2",
      "lastModifiedById": "0051o000009zhEcAAI",
      "lastModifiedByName": "Case Merge Premium",
      "lastModifiedDate": "2021-01-14T06:11:12.000Z",
      "manageableState": "installed",
      "namespacePrefix": "csmrgp",
      "type": "LightningComponentBundle"
    },
    {
      "createdById": "0053O000002KVApQAO",
      "createdByName": "Deployment Admin HCO Harmonization",
      "createdDate": "2021-01-11T14:54:27.000Z",
      "fileName": "lwc/FLAGS__flagAgingModal",
      "fullName": "FLAGS__flagAgingModal",
      "id": "0Rb3O0000000YFuSAM",
      "lastModifiedById": "0053O000002KVApQAO",
      "lastModifiedByName": "Deployment Admin HCO Harmonization",
      "lastModifiedDate": "2021-01-11T15:02:30.000Z",
      "manageableState": "installed",
      "namespacePrefix": "FLAGS",
      "type": "LightningComponentBundle"
    },
    {
      "createdById": "0051o000009zhCMAAY",
      "createdByName": "Email to Case Premium",
      "createdDate": "2021-01-07T06:20:52.000Z",
      "fileName": "lwc/E2CP__previewModal",
      "fullName": "E2CP__previewModal",
      "id": "0Rb3O0000000Xz8SAE",
      "lastModifiedById": "0051o000009zhCMAAY",
      "lastModifiedByName": "Email to Case Premium",
      "lastModifiedDate": "2021-02-18T06:33:34.000Z",
      "manageableState": "installed",
      "namespacePrefix": "E2CP",
      "type": "LightningComponentBundle"
    },
    {
      "createdById": "0053O000002KVApQAO",
      "createdByName": "Deployment Admin HCO Harmonization",
      "createdDate": "2021-01-20T12:04:27.000Z",
      "fileName": "lwc/agnAccountHierarcyCssLib",
      "fullName": "agnAccountHierarcyCssLib",
      "id": "0Rb3O0000000Ym7SAE",
      "lastModifiedById": "0053O000002KVApQAO",
      "lastModifiedByName": "Deployment Admin HCO Harmonization",
      "lastModifiedDate": "2021-01-27T07:24:03.000Z",
      "manageableState": "unmanaged",
      "type": "LightningComponentBundle"
    },
    {
      "createdById": "0051o000009zhFuAAI",
      "createdByName": "Case Flags",
      "createdDate": "2020-01-03T06:01:30.000Z",
      "fileName": "lwc/FLAGS__clearFlag",
      "fullName": "FLAGS__clearFlag",
      "id": "0Rb1o000000KzRSCA0",
      "lastModifiedById": "0053O000002KVApQAO",
      "lastModifiedByName": "Deployment Admin HCO Harmonization",
      "lastModifiedDate": "2021-01-11T15:02:30.000Z",
      "manageableState": "installed",
      "namespacePrefix": "FLAGS",
      "type": "LightningComponentBundle"
    },
    {
      "createdById": "0051o000009zhCMAAY",
      "createdByName": "Email to Case Premium",
      "createdDate": "2020-02-06T06:01:01.000Z",
      "fileName": "lwc/E2CP__newComment",
      "fullName": "E2CP__newComment",
      "id": "0Rb1o000000KzbWCAS",
      "lastModifiedById": "0051o000009zhCMAAY",
      "lastModifiedByName": "Email to Case Premium",
      "lastModifiedDate": "2021-02-18T06:33:34.000Z",
      "manageableState": "installed",
      "namespacePrefix": "E2CP",
      "type": "LightningComponentBundle"
    },
    {
      "createdById": "0053O000002KVApQAO",
      "createdByName": "Deployment Admin HCO Harmonization",
      "createdDate": "2021-01-06T11:11:50.000Z",
      "fileName": "lwc/accountHierarchyDatatable",
      "fullName": "accountHierarchyDatatable",
      "id": "0Rb3O0000000XwQSAU",
      "lastModifiedById": "0053O000002KVApQAO",
      "lastModifiedByName": "Deployment Admin HCO Harmonization",
      "lastModifiedDate": "2021-01-06T13:14:11.000Z",
      "manageableState": "unmanaged",
      "type": "LightningComponentBundle"
    },
    {
      "createdById": "0053O000002KVApQAO",
      "createdByName": "Deployment Admin HCO Harmonization",
      "createdDate": "2021-01-11T14:54:27.000Z",
      "fileName": "lwc/FLAGS__agingCriteria",
      "fullName": "FLAGS__agingCriteria",
      "id": "0Rb3O0000000YFrSAM",
      "lastModifiedById": "0053O000002KVApQAO",
      "lastModifiedByName": "Deployment Admin HCO Harmonization",
      "lastModifiedDate": "2021-01-11T15:02:30.000Z",
      "manageableState": "installed",
      "namespacePrefix": "FLAGS",
      "type": "LightningComponentBundle"
    },
    {
      "createdById": "0053O000002KVApQAO",
      "createdByName": "Deployment Admin HCO Harmonization",
      "createdDate": "2021-01-12T05:33:00.000Z",
      "fileName": "lwc/agn_duplicateListing",
      "fullName": "agn_duplicateListing",
      "id": "0Rb3O0000000YGVSA2",
      "lastModifiedById": "0053O000002KVApQAO",
      "lastModifiedByName": "Deployment Admin HCO Harmonization",
      "lastModifiedDate": "2021-03-22T06:13:29.000Z",
      "manageableState": "unmanaged",
      "type": "LightningComponentBundle"
    },
    {
      "createdById": "0053O000002KVApQAO",
      "createdByName": "Deployment Admin HCO Harmonization",
      "createdDate": "2021-01-11T14:54:27.000Z",
      "fileName": "lwc/FLAGS__setup",
      "fullName": "FLAGS__setup",
      "id": "0Rb3O0000000YFySAM",
      "lastModifiedById": "0053O000002KVApQAO",
      "lastModifiedByName": "Deployment Admin HCO Harmonization",
      "lastModifiedDate": "2021-01-11T15:02:30.000Z",
      "manageableState": "installed",
      "namespacePrefix": "FLAGS",
      "type": "LightningComponentBundle"
    },
    {
      "createdById": "0053O000002KVApQAO",
      "createdByName": "Deployment Admin HCO Harmonization",
      "createdDate": "2021-01-21T10:30:47.000Z",
      "fileName": "lwc/agn_gcsp_paymentForm",
      "fullName": "agn_gcsp_paymentForm",
      "id": "0Rb3O0000000YppSAE",
      "lastModifiedById": "0053O000002KVApQAO",
      "lastModifiedByName": "Deployment Admin HCO Harmonization",
      "lastModifiedDate": "2021-04-15T08:37:22.000Z",
      "manageableState": "unmanaged",
      "type": "LightningComponentBundle"
    },
    {
      "createdById": "0051o000009zhCMAAY",
      "createdByName": "Email to Case Premium",
      "createdDate": "2020-02-06T06:01:01.000Z",
      "fileName": "lwc/E2CP__modal",
      "fullName": "E2CP__modal",
      "id": "0Rb1o000000KzbVCAS",
      "lastModifiedById": "0051o000009zhCMAAY",
      "lastModifiedByName": "Email to Case Premium",
      "lastModifiedDate": "2021-02-18T06:33:34.000Z",
      "manageableState": "installed",
      "namespacePrefix": "E2CP",
      "type": "LightningComponentBundle"
    },
    {
      "createdById": "0053O000002KVApQAO",
      "createdByName": "Deployment Admin HCO Harmonization",
      "createdDate": "2021-02-01T04:26:26.000Z",
      "fileName": "lwc/agn_gcsp_taxExemptedDocUpload",
      "fullName": "agn_gcsp_taxExemptedDocUpload",
      "id": "0Rb3O0000000ZBCSA2",
      "lastModifiedById": "0053O000002KVApQAO",
      "lastModifiedByName": "Deployment Admin HCO Harmonization",
      "lastModifiedDate": "2021-04-15T05:09:58.000Z",
      "manageableState": "unmanaged",
      "type": "LightningComponentBundle"
    },
    {
      "createdById": "0051o000009zhEcAAI",
      "createdByName": "Case Merge Premium",
      "createdDate": "2020-12-18T06:02:35.000Z",
      "fileName": "lwc/csmrgp__multiselect",
      "fullName": "csmrgp__multiselect",
      "id": "0Rb3O0000000XTCSA2",
      "lastModifiedById": "0051o000009zhEcAAI",
      "lastModifiedByName": "Case Merge Premium",
      "lastModifiedDate": "2021-01-14T06:11:12.000Z",
      "manageableState": "installed",
      "namespacePrefix": "csmrgp",
      "type": "LightningComponentBundle"
    },
    {
      "createdById": "0053O000002KVApQAO",
      "createdByName": "Deployment Admin HCO Harmonization",
      "createdDate": "2021-01-13T07:07:21.000Z",
      "fileName": "lwc/aGN_GCSP_changePassword",
      "fullName": "aGN_GCSP_changePassword",
      "id": "0Rb3O0000000YMdSAM",
      "lastModifiedById": "0053O000002KVApQAO",
      "lastModifiedByName": "Deployment Admin HCO Harmonization",
      "lastModifiedDate": "2021-04-08T07:57:48.000Z",
      "manageableState": "unmanaged",
      "type": "LightningComponentBundle"
    },
    {
      "createdById": "0053O000002KVApQAO",
      "createdByName": "Deployment Admin HCO Harmonization",
      "createdDate": "2021-01-13T12:10:24.000Z",
      "fileName": "lwc/agnAccountHierarchy",
      "fullName": "agnAccountHierarchy",
      "id": "0Rb3O0000000YOySAM",
      "lastModifiedById": "0053O000002KVApQAO",
      "lastModifiedByName": "Deployment Admin HCO Harmonization",
      "lastModifiedDate": "2021-01-27T07:01:52.000Z",
      "manageableState": "unmanaged",
      "type": "LightningComponentBundle"
    },
    {
      "createdById": "0053O000002KVApQAO",
      "createdByName": "Deployment Admin HCO Harmonization",
      "createdDate": "2021-01-14T04:37:16.000Z",
      "fileName": "lwc/agn_gcsp_productInterestCmp",
      "fullName": "agn_gcsp_productInterestCmp",
      "id": "0Rb3O0000000YWYSA2",
      "lastModifiedById": "0053O000002KVApQAO",
      "lastModifiedByName": "Deployment Admin HCO Harmonization",
      "lastModifiedDate": "2021-02-15T15:10:02.000Z",
      "manageableState": "unmanaged",
      "type": "LightningComponentBundle"
    },
    {
      "createdById": "0053O000002KVApQAO",
      "createdByName": "Deployment Admin HCO Harmonization",
      "createdDate": "2021-02-05T16:40:44.000Z",
      "fileName": "lwc/agn_gcsp_accountDetailPage",
      "fullName": "agn_gcsp_accountDetailPage",
      "id": "0Rb3O0000000ZU9SAM",
      "lastModifiedById": "0053O000002KVApQAO",
      "lastModifiedByName": "Deployment Admin HCO Harmonization",
      "lastModifiedDate": "2021-04-20T13:27:31.000Z",
      "manageableState": "unmanaged",
      "type": "LightningComponentBundle"
    },
    {
      "createdById": "0051o000009zhCMAAY",
      "createdByName": "Email to Case Premium",
      "createdDate": "2020-02-06T06:01:01.000Z",
      "fileName": "lwc/E2CP__caseDetails",
      "fullName": "E2CP__caseDetails",
      "id": "0Rb1o000000KzbTCAS",
      "lastModifiedById": "0051o000009zhCMAAY",
      "lastModifiedByName": "Email to Case Premium",
      "lastModifiedDate": "2021-02-18T06:33:34.000Z",
      "manageableState": "installed",
      "namespacePrefix": "E2CP",
      "type": "LightningComponentBundle"
    },
    {
      "createdById": "0053O000002KVApQAO",
      "createdByName": "Deployment Admin HCO Harmonization",
      "createdDate": "2021-01-05T09:29:47.000Z",
      "fileName": "lwc/accountHierarchyCaseList",
      "fullName": "accountHierarchyCaseList",
      "id": "0Rb3O0000000XtgSAE",
      "lastModifiedById": "0053O000002KVApQAO",
      "lastModifiedByName": "Deployment Admin HCO Harmonization",
      "lastModifiedDate": "2021-01-05T12:32:49.000Z",
      "manageableState": "unmanaged",
      "type": "LightningComponentBundle"
    },
    {
      "createdById": "0053O000002KVApQAO",
      "createdByName": "Deployment Admin HCO Harmonization",
      "createdDate": "2021-01-22T08:56:20.000Z",
      "fileName": "lwc/agn_gcsp_customerRegStep2Uploader",
      "fullName": "agn_gcsp_customerRegStep2Uploader",
      "id": "0Rb3O0000000YsjSAE",
      "lastModifiedById": "0053O000002KVApQAO",
      "lastModifiedByName": "Deployment Admin HCO Harmonization",
      "lastModifiedDate": "2021-04-13T09:17:36.000Z",
      "manageableState": "unmanaged",
      "type": "LightningComponentBundle"
    },
    {
      "createdById": "0051o000009zhEcAAI",
      "createdByName": "Case Merge Premium",
      "createdDate": "2020-12-18T06:02:35.000Z",
      "fileName": "lwc/csmrgp__mergeRecentCases",
      "fullName": "csmrgp__mergeRecentCases",
      "id": "0Rb3O0000000XTBSA2",
      "lastModifiedById": "0051o000009zhEcAAI",
      "lastModifiedByName": "Case Merge Premium",
      "lastModifiedDate": "2021-01-14T06:11:12.000Z",
      "manageableState": "installed",
      "namespacePrefix": "csmrgp",
      "type": "LightningComponentBundle"
    },
    {
      "createdById": "0051o000009zhEcAAI",
      "createdByName": "Case Merge Premium",
      "createdDate": "2020-12-18T06:02:35.000Z",
      "fileName": "lwc/csmrgp__findCriteriaManager",
      "fullName": "csmrgp__findCriteriaManager",
      "id": "0Rb3O0000000XT9SAM",
      "lastModifiedById": "0051o000009zhEcAAI",
      "lastModifiedByName": "Case Merge Premium",
      "lastModifiedDate": "2021-01-14T06:11:12.000Z",
      "manageableState": "installed",
      "namespacePrefix": "csmrgp",
      "type": "LightningComponentBundle"
    },
    {
      "createdById": "0053O000002KVApQAO",
      "createdByName": "Deployment Admin HCO Harmonization",
      "createdDate": "2021-01-05T10:58:36.000Z",
      "fileName": "lwc/aGN_GCSP_CustomerRegistrationStep1",
      "fullName": "aGN_GCSP_CustomerRegistrationStep1",
      "id": "0Rb3O0000000XuZSAU",
      "lastModifiedById": "0053O000002KVApQAO",
      "lastModifiedByName": "Deployment Admin HCO Harmonization",
      "lastModifiedDate": "2021-04-12T14:43:48.000Z",
      "manageableState": "unmanaged",
      "type": "LightningComponentBundle"
    },
    {
      "createdById": "0053O000002KVApQAO",
      "createdByName": "Deployment Admin HCO Harmonization",
      "createdDate": "2021-01-27T09:17:31.000Z",
      "fileName": "lwc/agn_gcsp_customToast",
      "fullName": "agn_gcsp_customToast",
      "id": "0Rb3O0000000Z33SAE",
      "lastModifiedById": "0053O000002KVApQAO",
      "lastModifiedByName": "Deployment Admin HCO Harmonization",
      "lastModifiedDate": "2021-03-12T11:32:08.000Z",
      "manageableState": "unmanaged",
      "type": "LightningComponentBundle"
    },
    {
      "createdById": "0053O000002KVApQAO",
      "createdByName": "Deployment Admin HCO Harmonization",
      "createdDate": "2021-01-11T14:54:27.000Z",
      "fileName": "lwc/FLAGS__timer",
      "fullName": "FLAGS__timer",
      "id": "0Rb3O0000000YFzSAM",
      "lastModifiedById": "0053O000002KVApQAO",
      "lastModifiedByName": "Deployment Admin HCO Harmonization",
      "lastModifiedDate": "2021-01-11T15:02:30.000Z",
      "manageableState": "installed",
      "namespacePrefix": "FLAGS",
      "type": "LightningComponentBundle"
    },
    {
      "createdById": "0053O000002KVApQAO",
      "createdByName": "Deployment Admin HCO Harmonization",
      "createdDate": "2021-02-05T09:13:26.000Z",
      "fileName": "lwc/agn_gcsp_customerAccountDetails",
      "fullName": "agn_gcsp_customerAccountDetails",
      "id": "0Rb3O0000000ZMySAM",
      "lastModifiedById": "0053O000002KVApQAO",
      "lastModifiedByName": "Deployment Admin HCO Harmonization",
      "lastModifiedDate": "2021-02-05T12:24:13.000Z",
      "manageableState": "unmanaged",
      "type": "LightningComponentBundle"
    },
    {
      "createdById": "0051o000009zhCMAAY",
      "createdByName": "Email to Case Premium",
      "createdDate": "2021-01-07T06:20:52.000Z",
      "fileName": "lwc/E2CP__pagination",
      "fullName": "E2CP__pagination",
      "id": "0Rb3O0000000Xz7SAE",
      "lastModifiedById": "0051o000009zhCMAAY",
      "lastModifiedByName": "Email to Case Premium",
      "lastModifiedDate": "2021-02-18T06:33:34.000Z",
      "manageableState": "installed",
      "namespacePrefix": "E2CP",
      "type": "LightningComponentBundle"
    },
    {
      "createdById": "0051o000009zhCMAAY",
      "createdByName": "Email to Case Premium",
      "createdDate": "2020-02-06T06:01:01.000Z",
      "fileName": "lwc/E2CP__messageAttachments",
      "fullName": "E2CP__messageAttachments",
      "id": "0Rb1o000000KzbUCAS",
      "lastModifiedById": "0051o000009zhCMAAY",
      "lastModifiedByName": "Email to Case Premium",
      "lastModifiedDate": "2021-02-18T06:33:34.000Z",
      "manageableState": "installed",
      "namespacePrefix": "E2CP",
      "type": "LightningComponentBundle"
    },
    {
      "createdById": "0051o000009zhCMAAY",
      "createdByName": "Email to Case Premium",
      "createdDate": "2020-02-06T06:01:01.000Z",
      "fileName": "lwc/E2CP__autocomplete",
      "fullName": "E2CP__autocomplete",
      "id": "0Rb1o000000KzbSCAS",
      "lastModifiedById": "0051o000009zhCMAAY",
      "lastModifiedByName": "Email to Case Premium",
      "lastModifiedDate": "2021-02-18T06:33:34.000Z",
      "manageableState": "installed",
      "namespacePrefix": "E2CP",
      "type": "LightningComponentBundle"
    },
    {
      "createdById": "0051o000009zhEcAAI",
      "createdByName": "Case Merge Premium",
      "createdDate": "2020-12-18T06:02:35.000Z",
      "fileName": "lwc/csmrgp__recordTypeCriterion",
      "fullName": "csmrgp__recordTypeCriterion",
      "id": "0Rb3O0000000XTDSA2",
      "lastModifiedById": "0051o000009zhEcAAI",
      "lastModifiedByName": "Case Merge Premium",
      "lastModifiedDate": "2021-01-14T06:11:12.000Z",
      "manageableState": "installed",
      "namespacePrefix": "csmrgp",
      "type": "LightningComponentBundle"
    },
    {
      "createdById": "0051o000009zhCMAAY",
      "createdByName": "Email to Case Premium",
      "createdDate": "2020-02-06T06:01:01.000Z",
      "fileName": "lwc/E2CP__richText",
      "fullName": "E2CP__richText",
      "id": "0Rb1o000000KzbZCAS",
      "lastModifiedById": "0051o000009zhCMAAY",
      "lastModifiedByName": "Email to Case Premium",
      "lastModifiedDate": "2021-02-18T06:33:34.000Z",
      "manageableState": "installed",
      "namespacePrefix": "E2CP",
      "type": "LightningComponentBundle"
    },
    {
      "createdById": "0053O000002KVApQAO",
      "createdByName": "Deployment Admin HCO Harmonization",
      "createdDate": "2021-01-11T14:54:27.000Z",
      "fileName": "lwc/FLAGS__autocomplete",
      "fullName": "FLAGS__autocomplete",
      "id": "0Rb3O0000000YFsSAM",
      "lastModifiedById": "0053O000002KVApQAO",
      "lastModifiedByName": "Deployment Admin HCO Harmonization",
      "lastModifiedDate": "2021-01-11T15:02:30.000Z",
      "manageableState": "installed",
      "namespacePrefix": "FLAGS",
      "type": "LightningComponentBundle"
    },
    {
      "createdById": "0051o000009zhCMAAY",
      "createdByName": "Email to Case Premium",
      "createdDate": "2021-01-07T06:20:52.000Z",
      "fileName": "lwc/E2CP__widespreadIssue",
      "fullName": "E2CP__widespreadIssue",
      "id": "0Rb3O0000000XzCSAU",
      "lastModifiedById": "0051o000009zhCMAAY",
      "lastModifiedByName": "Email to Case Premium",
      "lastModifiedDate": "2021-02-18T06:33:34.000Z",
      "manageableState": "installed",
      "namespacePrefix": "E2CP",
      "type": "LightningComponentBundle"
    },
    {
      "createdById": "0051o000009zhFuAAI",
      "createdByName": "Case Flags",
      "createdDate": "2020-01-03T06:01:30.000Z",
      "fileName": "lwc/FLAGS__setFlag",
      "fullName": "FLAGS__setFlag",
      "id": "0Rb1o000000KzRTCA0",
      "lastModifiedById": "0053O000002KVApQAO",
      "lastModifiedByName": "Deployment Admin HCO Harmonization",
      "lastModifiedDate": "2021-01-11T15:02:30.000Z",
      "manageableState": "installed",
      "namespacePrefix": "FLAGS",
      "type": "LightningComponentBundle"
    },
    {
      "createdById": "0051o000009zhCMAAY",
      "createdByName": "Email to Case Premium",
      "createdDate": "2021-01-07T06:20:52.000Z",
      "fileName": "lwc/E2CP__serviceExperience",
      "fullName": "E2CP__serviceExperience",
      "id": "0Rb3O0000000Xz9SAE",
      "lastModifiedById": "0051o000009zhCMAAY",
      "lastModifiedByName": "Email to Case Premium",
      "lastModifiedDate": "2021-02-18T06:33:34.000Z",
      "manageableState": "installed",
      "namespacePrefix": "E2CP",
      "type": "LightningComponentBundle"
    },
    {
      "createdById": "0053O000002KVApQAO",
      "createdByName": "Deployment Admin HCO Harmonization",
      "createdDate": "2021-01-27T09:45:45.000Z",
      "fileName": "lwc/agn_gcsp_loginPage",
      "fullName": "agn_gcsp_loginPage",
      "id": "0Rb3O0000000Z3SSAU",
      "lastModifiedById": "0053O000002KVApQAO",
      "lastModifiedByName": "Deployment Admin HCO Harmonization",
      "lastModifiedDate": "2021-01-27T10:25:28.000Z",
      "manageableState": "unmanaged",
      "type": "LightningComponentBundle"
    },
    {
      "createdById": "0051o000009zhCMAAY",
      "createdByName": "Email to Case Premium",
      "createdDate": "2020-02-06T06:01:01.000Z",
      "fileName": "lwc/E2CP__recipientsInput",
      "fullName": "E2CP__recipientsInput",
      "id": "0Rb1o000000KzbYCAS",
      "lastModifiedById": "0051o000009zhCMAAY",
      "lastModifiedByName": "Email to Case Premium",
      "lastModifiedDate": "2021-02-18T06:33:34.000Z",
      "manageableState": "installed",
      "namespacePrefix": "E2CP",
      "type": "LightningComponentBundle"
    },
    {
      "createdById": "0053O000002KVApQAO",
      "createdByName": "Deployment Admin HCO Harmonization",
      "createdDate": "2021-01-19T12:52:05.000Z",
      "fileName": "lwc/agn_gcsp_customerRegDocumentCmp",
      "fullName": "agn_gcsp_customerRegDocumentCmp",
      "id": "0Rb3O0000000YjcSAE",
      "lastModifiedById": "0053O000002KVApQAO",
      "lastModifiedByName": "Deployment Admin HCO Harmonization",
      "lastModifiedDate": "2021-04-19T07:45:57.000Z",
      "manageableState": "unmanaged",
      "type": "LightningComponentBundle"
    },
    {
      "createdById": "0053O000002KVApQAO",
      "createdByName": "Deployment Admin HCO Harmonization",
      "createdDate": "2021-01-05T08:38:16.000Z",
      "fileName": "lwc/accountHierarchyAccountDetail",
      "fullName": "accountHierarchyAccountDetail",
      "id": "0Rb3O0000000XssSAE",
      "lastModifiedById": "0053O000002KVApQAO",
      "lastModifiedByName": "Deployment Admin HCO Harmonization",
      "lastModifiedDate": "2021-01-05T11:52:07.000Z",
      "manageableState": "unmanaged",
      "type": "LightningComponentBundle"
    },
    {
      "createdById": "0053O000002KVApQAO",
      "createdByName": "Deployment Admin HCO Harmonization",
      "createdDate": "2021-02-24T04:57:58.000Z",
      "fileName": "lwc/agn_gcsp_accountUpdateWrapper",
      "fullName": "agn_gcsp_accountUpdateWrapper",
      "id": "0Rb3O0000000a3sSAA",
      "lastModifiedById": "0053O000002KVApQAO",
      "lastModifiedByName": "Deployment Admin HCO Harmonization",
      "lastModifiedDate": "2021-03-09T15:00:43.000Z",
      "manageableState": "unmanaged",
      "type": "LightningComponentBundle"
    },
    {
      "createdById": "0053O000002KVApQAO",
      "createdByName": "Deployment Admin HCO Harmonization",
      "createdDate": "2021-01-21T10:15:11.000Z",
      "fileName": "lwc/aGN_GCSP_CustomerRegistrationStep4",
      "fullName": "aGN_GCSP_CustomerRegistrationStep4",
      "id": "0Rb3O0000000YpkSAE",
      "lastModifiedById": "0053O000002KVApQAO",
      "lastModifiedByName": "Deployment Admin HCO Harmonization",
      "lastModifiedDate": "2021-04-21T11:30:24.000Z",
      "manageableState": "unmanaged",
      "type": "LightningComponentBundle"
    },
    {
      "createdById": "0053O000002KVApQAO",
      "createdByName": "Deployment Admin HCO Harmonization",
      "createdDate": "2021-01-11T14:54:27.000Z",
      "fileName": "lwc/FLAGS__flagIcon",
      "fullName": "FLAGS__flagIcon",
      "id": "0Rb3O0000000YFvSAM",
      "lastModifiedById": "0053O000002KVApQAO",
      "lastModifiedByName": "Deployment Admin HCO Harmonization",
      "lastModifiedDate": "2021-01-11T15:02:30.000Z",
      "manageableState": "installed",
      "namespacePrefix": "FLAGS",
      "type": "LightningComponentBundle"
    },
    {
      "createdById": "0053O000002KVApQAO",
      "createdByName": "Deployment Admin HCO Harmonization",
      "createdDate": "2021-02-17T06:25:23.000Z",
      "fileName": "lwc/agn_gcsp_mange_accounts",
      "fullName": "agn_gcsp_mange_accounts",
      "id": "0Rb3O0000000ZnQSAU",
      "lastModifiedById": "0053O000002KVApQAO",
      "lastModifiedByName": "Deployment Admin HCO Harmonization",
      "lastModifiedDate": "2021-04-15T08:33:39.000Z",
      "manageableState": "unmanaged",
      "type": "LightningComponentBundle"
    },
    {
      "createdById": "0053O000002KVApQAO",
      "createdByName": "Deployment Admin HCO Harmonization",
      "createdDate": "2021-02-12T04:46:43.000Z",
      "fileName": "lwc/agn_gcsp_productInterestCheckBox",
      "fullName": "agn_gcsp_productInterestCheckBox",
      "id": "0Rb3O0000000ZeiSAE",
      "lastModifiedById": "0053O000002KVApQAO",
      "lastModifiedByName": "Deployment Admin HCO Harmonization",
      "lastModifiedDate": "2021-02-15T15:07:28.000Z",
      "manageableState": "unmanaged",
      "type": "LightningComponentBundle"
    },
    {
      "createdById": "0053O000002KVApQAO",
      "createdByName": "Deployment Admin HCO Harmonization",
      "createdDate": "2021-01-11T14:54:27.000Z",
      "fileName": "lwc/FLAGS__list",
      "fullName": "FLAGS__list",
      "id": "0Rb3O0000000YFwSAM",
      "lastModifiedById": "0053O000002KVApQAO",
      "lastModifiedByName": "Deployment Admin HCO Harmonization",
      "lastModifiedDate": "2021-01-11T15:02:30.000Z",
      "manageableState": "installed",
      "namespacePrefix": "FLAGS",
      "type": "LightningComponentBundle"
    },
    {
      "createdById": "0053O000002KVApQAO",
      "createdByName": "Deployment Admin HCO Harmonization",
      "createdDate": "2021-01-06T05:14:33.000Z",
      "fileName": "lwc/aGN_GCSP_CustomLabelsComponent",
      "fullName": "aGN_GCSP_CustomLabelsComponent",
      "id": "0Rb3O0000000XvISAU",
      "lastModifiedById": "0053O000002KVApQAO",
      "lastModifiedByName": "Deployment Admin HCO Harmonization",
      "lastModifiedDate": "2021-04-21T19:30:28.000Z",
      "manageableState": "unmanaged",
      "type": "LightningComponentBundle"
    },
    {
      "createdById": "0053O000002KVApQAO",
      "createdByName": "Deployment Admin HCO Harmonization",
      "createdDate": "2021-01-05T12:21:51.000Z",
      "fileName": "lwc/agn_gcsp_registrationWrapper",
      "fullName": "agn_gcsp_registrationWrapper",
      "id": "0Rb3O0000000XueSAE",
      "lastModifiedById": "0053O000002KVApQAO",
      "lastModifiedByName": "Deployment Admin HCO Harmonization",
      "lastModifiedDate": "2021-01-06T05:34:46.000Z",
      "manageableState": "unmanaged",
      "type": "LightningComponentBundle"
    },
    {
      "createdById": "0053O000002KVApQAO",
      "createdByName": "Deployment Admin HCO Harmonization",
      "createdDate": "2021-01-04T16:09:49.000Z",
      "fileName": "lwc/aGN_GCSP_CommonInputFieldComponent",
      "fullName": "aGN_GCSP_CommonInputFieldComponent",
      "id": "0Rb3O0000000XsiSAE",
      "lastModifiedById": "0053O000002KVApQAO",
      "lastModifiedByName": "Deployment Admin HCO Harmonization",
      "lastModifiedDate": "2021-04-20T10:59:21.000Z",
      "manageableState": "unmanaged",
      "type": "LightningComponentBundle"
    },
    {
      "createdById": "0051o000009zhCMAAY",
      "createdByName": "Email to Case Premium",
      "createdDate": "2021-01-07T06:20:52.000Z",
      "fileName": "lwc/E2CP__suggestedSolutions",
      "fullName": "E2CP__suggestedSolutions",
      "id": "0Rb3O0000000XzBSAU",
      "lastModifiedById": "0051o000009zhCMAAY",
      "lastModifiedByName": "Email to Case Premium",
      "lastModifiedDate": "2021-02-18T06:33:34.000Z",
      "manageableState": "installed",
      "namespacePrefix": "E2CP",
      "type": "LightningComponentBundle"
    },
    {
      "createdById": "0051o000009zhCMAAY",
      "createdByName": "Email to Case Premium",
      "createdDate": "2021-01-07T06:20:52.000Z",
      "fileName": "lwc/E2CP__setup",
      "fullName": "E2CP__setup",
      "id": "0Rb3O0000000XzASAU",
      "lastModifiedById": "0051o000009zhCMAAY",
      "lastModifiedByName": "Email to Case Premium",
      "lastModifiedDate": "2021-02-18T06:33:34.000Z",
      "manageableState": "installed",
      "namespacePrefix": "E2CP",
      "type": "LightningComponentBundle"
    },
    {
      "createdById": "0053O000002KVApQAO",
      "createdByName": "Deployment Admin HCO Harmonization",
      "createdDate": "2021-02-04T04:13:45.000Z",
      "fileName": "lwc/agn_gcsp_addressFlatView",
      "fullName": "agn_gcsp_addressFlatView",
      "id": "0Rb3O0000000ZG2SAM",
      "lastModifiedById": "0053O000002KVApQAO",
      "lastModifiedByName": "Deployment Admin HCO Harmonization",
      "lastModifiedDate": "2021-04-13T21:03:08.000Z",
      "manageableState": "unmanaged",
      "type": "LightningComponentBundle"
    },
    {
      "createdById": "0053O000002KVApQAO",
      "createdByName": "Deployment Admin HCO Harmonization",
      "createdDate": "2021-01-05T10:29:25.000Z",
      "fileName": "lwc/agn_gcsp_customerTypeSelectionCmp",
      "fullName": "agn_gcsp_customerTypeSelectionCmp",
      "id": "0Rb3O0000000XuKSAU",
      "lastModifiedById": "0053O000002KVApQAO",
      "lastModifiedByName": "Deployment Admin HCO Harmonization",
      "lastModifiedDate": "2021-01-06T04:08:30.000Z",
      "manageableState": "unmanaged",
      "type": "LightningComponentBundle"
    },
    {
      "createdById": "0053O000002KVApQAO",
      "createdByName": "Deployment Admin HCO Harmonization",
      "createdDate": "2021-01-13T12:38:23.000Z",
      "fileName": "lwc/agnAccountHierarchyNode",
      "fullName": "agnAccountHierarchyNode",
      "id": "0Rb3O0000000YPNSA2",
      "lastModifiedById": "0053O000002KVApQAO",
      "lastModifiedByName": "Deployment Admin HCO Harmonization",
      "lastModifiedDate": "2021-01-27T16:28:38.000Z",
      "manageableState": "unmanaged",
      "type": "LightningComponentBundle"
    },
    {
      "createdById": "0051o000009zhEcAAI",
      "createdByName": "Case Merge Premium",
      "createdDate": "2020-12-18T06:02:35.000Z",
      "fileName": "lwc/csmrgp__dupeDetectorValue",
      "fullName": "csmrgp__dupeDetectorValue",
      "id": "0Rb3O0000000XT8SAM",
      "lastModifiedById": "0051o000009zhEcAAI",
      "lastModifiedByName": "Case Merge Premium",
      "lastModifiedDate": "2021-01-14T06:11:12.000Z",
      "manageableState": "installed",
      "namespacePrefix": "csmrgp",
      "type": "LightningComponentBundle"
    },
    {
      "createdById": "0053O000002KVApQAO",
      "createdByName": "Deployment Admin HCO Harmonization",
      "createdDate": "2021-01-05T09:55:25.000Z",
      "fileName": "lwc/agn_gcsp_generateInputField",
      "fullName": "agn_gcsp_generateInputField",
      "id": "0Rb3O0000000Xu0SAE",
      "lastModifiedById": "0053O000002KVApQAO",
      "lastModifiedByName": "Deployment Admin HCO Harmonization",
      "lastModifiedDate": "2021-01-07T08:15:08.000Z",
      "manageableState": "unmanaged",
      "type": "LightningComponentBundle"
    },
    {
      "createdById": "0051o000009zhCMAAY",
      "createdByName": "Email to Case Premium",
      "createdDate": "2021-01-07T06:20:52.000Z",
      "fileName": "lwc/E2CP__e2cpUtil",
      "fullName": "E2CP__e2cpUtil",
      "id": "0Rb3O0000000Xz5SAE",
      "lastModifiedById": "0051o000009zhCMAAY",
      "lastModifiedByName": "Email to Case Premium",
      "lastModifiedDate": "2021-02-18T06:33:34.000Z",
      "manageableState": "installed",
      "namespacePrefix": "E2CP",
      "type": "LightningComponentBundle"
    },
    {
      "createdById": "0053O000002KVApQAO",
      "createdByName": "Deployment Admin HCO Harmonization",
      "createdDate": "2021-01-20T10:50:33.000Z",
      "fileName": "lwc/agn_gcsp_addressDelete",
      "fullName": "agn_gcsp_addressDelete",
      "id": "0Rb3O0000000Ym2SAE",
      "lastModifiedById": "0053O000002KVApQAO",
      "lastModifiedByName": "Deployment Admin HCO Harmonization",
      "lastModifiedDate": "2021-02-09T19:09:02.000Z",
      "manageableState": "unmanaged",
      "type": "LightningComponentBundle"
    },
    {
      "createdById": "0051o000009zhEcAAI",
      "createdByName": "Case Merge Premium",
      "createdDate": "2020-12-18T06:02:35.000Z",
      "fileName": "lwc/csmrgp__autocomplete",
      "fullName": "csmrgp__autocomplete",
      "id": "0Rb3O0000000XT4SAM",
      "lastModifiedById": "0051o000009zhEcAAI",
      "lastModifiedByName": "Case Merge Premium",
      "lastModifiedDate": "2021-01-14T06:11:12.000Z",
      "manageableState": "installed",
      "namespacePrefix": "csmrgp",
      "type": "LightningComponentBundle"
    },
    {
      "createdById": "0051o000009zhEcAAI",
      "createdByName": "Case Merge Premium",
      "createdDate": "2020-12-18T06:02:35.000Z",
      "fileName": "lwc/csmrgp__caseMergeUtil",
      "fullName": "csmrgp__caseMergeUtil",
      "id": "0Rb3O0000000XT5SAM",
      "lastModifiedById": "0051o000009zhEcAAI",
      "lastModifiedByName": "Case Merge Premium",
      "lastModifiedDate": "2021-01-14T06:11:12.000Z",
      "manageableState": "installed",
      "namespacePrefix": "csmrgp",
      "type": "LightningComponentBundle"
    },
    {
      "createdById": "0053O000002KVApQAO",
      "createdByName": "Deployment Admin HCO Harmonization",
      "createdDate": "2021-01-14T08:31:50.000Z",
      "fileName": "lwc/agn_gcsp_customerRegistrationStep2",
      "fullName": "agn_gcsp_customerRegistrationStep2",
      "id": "0Rb3O0000000YXbSAM",
      "lastModifiedById": "0053O000002KVApQAO",
      "lastModifiedByName": "Deployment Admin HCO Harmonization",
      "lastModifiedDate": "2021-04-22T21:05:25.000Z",
      "manageableState": "unmanaged",
      "type": "LightningComponentBundle"
    },
    {
      "createdById": "0053O000002KVApQAO",
      "createdByName": "Deployment Admin HCO Harmonization",
      "createdDate": "2021-01-11T14:54:27.000Z",
      "fileName": "lwc/FLAGS__serviceExperience",
      "fullName": "FLAGS__serviceExperience",
      "id": "0Rb3O0000000YFxSAM",
      "lastModifiedById": "0053O000002KVApQAO",
      "lastModifiedByName": "Deployment Admin HCO Harmonization",
      "lastModifiedDate": "2021-01-11T15:02:30.000Z",
      "manageableState": "installed",
      "namespacePrefix": "FLAGS",
      "type": "LightningComponentBundle"
    },
    {
      "createdById": "0053O000002KVApQAO",
      "createdByName": "Deployment Admin HCO Harmonization",
      "createdDate": "2021-01-22T10:12:59.000Z",
      "fileName": "lwc/agn_gcsp_fileUpload",
      "fullName": "agn_gcsp_fileUpload",
      "id": "0Rb3O0000000YtISAU",
      "lastModifiedById": "0053O000002KVApQAO",
      "lastModifiedByName": "Deployment Admin HCO Harmonization",
      "lastModifiedDate": "2021-04-21T12:07:15.000Z",
      "manageableState": "unmanaged",
      "type": "LightningComponentBundle"
    }
  ]
}
