<?xml version="1.0" encoding="UTF-8"?>
<LightningComponentBundle xmlns="http://soap.sforce.com/2006/04/metadata">
    <apiVersion>50.0</apiVersion>
    <isExposed>true</isExposed>
    <masterLabel>Duplicate Listings</masterLabel>
    <description>This component lists duplicates</description>
    <targets>
        <target>lightning__RecordPage</target>
    </targets>
    <targetConfigs>
        <targetConfig targets="lightning__RecordPage">
            <objects>
                <object>Allergan_Customer_Address_AGN__c</object>
            </objects>
        </targetConfig>
    </targetConfigs>
</LightningComponentBundle>